<?xml version="1.0" encoding="UTF-8"?>
<configuration scan="true" scanPeriod="30 Seconds">

	<appender name="STDOUT" class="ch.qos.logback.core.ConsoleAppender">
		<encoder>
			<pattern>%d{yyyy-MM-dd HH:mm:ss SSS} | %-5.5level | %-16.16thread | %-32.32logger{0} | %X{bundle.id} - %X{bundle.name} - %X{bundle.version} | %m%n</pattern>
		</encoder>
		<filter class="ch.qos.logback.classic.filter.ThresholdFilter">
			<level>INFO</level>
		</filter>
	</appender>

	<appender name="KarafLogFile" class="ch.qos.logback.core.rolling.RollingFileAppender">
		<File>${karaf.data}/log/karaf.log</File>
		<Append>true</Append>
		<encoder>
			<pattern>%d{yyyy-MM-dd HH:mm:ss SSS} | %-5.5level | %-16.16thread | %-32.32logger{0} | %X{bundle.id} - %X{bundle.name} - %X{bundle.version} | %m%n</pattern>
		</encoder>
		<filter class="ch.qos.logback.classic.filter.ThresholdFilter">
			<level>INFO</level>
		</filter>
		<rollingPolicy class="ch.qos.logback.core.rolling.TimeBasedRollingPolicy">
			<fileNamePattern>${karaf.data}/log/karaf.log.%d{yyyy-MM-dd}.%i.log</fileNamePattern>
			<timeBasedFileNamingAndTriggeringPolicy class="ch.qos.logback.core.rolling.SizeAndTimeBasedFNATP">
				<maxFileSize>10MB</maxFileSize>
			</timeBasedFileNamingAndTriggeringPolicy>
		</rollingPolicy>
	</appender>

	<!-- logger name="org.apache" level="INFO">
		<appender-ref ref="KarafLogFile"></appender-ref>
	</logger-->
	<!-- logger name="org.ops4j" level="DEBUG">
		<appender-ref ref="KarafLogFile"></appender-ref>
	</logger-->

	<appender name="SIFT" class="ch.qos.logback.classic.sift.SiftingAppender">
		<discriminator>
			<key>bundle.name</key>
			<defaultValue>unknownBundle</defaultValue>
		</discriminator>
		<sift>
			<appender name="FILE-${bundle.name}" class="ch.qos.logback.core.rolling.RollingFileAppender">
				<file>${karaf.data}/log/${bundle.name}.log</file>
				<append>true</append>
				<encoder>
					<pattern>%d{yyyy-MM-dd HH:mm:ss SSS} | %-5.5level | %-16.16thread | %-32.32logger{0} | %m%n</pattern>
				</encoder>
				<filter class="ch.qos.logback.classic.filter.ThresholdFilter">
					<level>INFO</level>
				</filter>
				<rollingPolicy class="ch.qos.logback.core.rolling.TimeBasedRollingPolicy">
					<fileNamePattern>${karaf.data}/log/${bundle.name}.log.%d{yyyy-MM-dd}.%i.log</fileNamePattern>
					<timeBasedFileNamingAndTriggeringPolicy class="ch.qos.logback.core.rolling.SizeAndTimeBasedFNATP">
						<maxFileSize>10MB</maxFileSize>
					</timeBasedFileNamingAndTriggeringPolicy>
				</rollingPolicy>
			</appender>
		</sift>
	</appender>
	
	<root>
		<!-- appender-ref ref="STDOUT" /-->
		<appender-ref ref="KarafLogFile" />
		<!-- appender-ref ref="SIFT" /-->
	</root>
</configuration>