<?xml version="1.0" encoding="UTF-8" standalone="yes"?>
<features xmlns="http://karaf.apache.org/xmlns/features/v1.2.0" name="tsmc-common-feature-0.5.0">
    <repository>mvn:org.ops4j.pax.jdbc/pax-jdbc-features/0.5.0/xml/features</repository>
    <feature name="tsmc-karaf-feature" version="0.5.0" description="tsmc-karaf-feature"/>
    <feature name="a4-Q2-feature" version="0.1.0" description="a4-Q2-feature 0.1.0">
        <feature version="[2.6,2.7)">tsmc-eclipselink-feature</feature>
        <feature version="[3.2,4)">spring-web</feature>
        <feature version="[0.5,1)">pax-jdbc-pool-dbcp2</feature>
        <feature version="[1.6,1.7)">cxf-dosgi-discovery-distributed</feature>
        <feature version="[2.7,3)">cxf</feature>
        <feature version="[1.6,1.7)">Commons-Configuration</feature>
        <feature version="[2.1,2.2)">esapi</feature>
        <feature version="[1.2,1.3)">struts</feature>
        <bundle start-level="19">mvn:commons-logging/commons-logging/1.2</bundle>
        <bundle start-level="80">mvn:org.apache.servicemix.bundles/org.apache.servicemix.bundles.commons-io/1.4_3</bundle>
        <bundle start-level="80">mvn:org.bouncycastle/bcprov-jdk16/1.46</bundle>
        <bundle start-level="80">wrap:mvn:com.oracle/ojdbc6/11.2.0.3.0$Bundle-SymbolicName=ojdbc6&amp;Bundle-Version=11.2.0.3</bundle>
        <bundle start-level="28">mvn:com.tsmc.plugin.cxf/tsmc-cxf-interceptor-plugin/2.7.15</bundle>
        <bundle start-level="80">wrap:mvn:c3p0/c3p0/0.9.1.1$Bundle-SymbolicName=c3p0&amp;Bundle-Version=0.9.1.1</bundle>
        <bundle start-level="80">wrap:mvn:org.quartz-scheduler/quartz-jobs/2.2.1$Bundle-SymbolicName=quartz-jobs&amp;Bundle-Version=2.2.1</bundle>
        <bundle start-level="80">mvn:org.quartz-scheduler/quartz/2.2.1</bundle>
        <bundle start-level="80">wrap:mvn:com.thetransactioncompany/java-property-utils/1.9.1$Bundle-SymbolicName=java-property-utils&amp;Bundle-Version=1.9.1</bundle>
        <bundle start-level="80">wrap:mvn:com.thetransactioncompany/cors-filter/2.3$Bundle-SymbolicName=cors-filter&amp;Bundle-Version=2.3</bundle>
        <bundle start-level="80">mvn:org.apache.commons/commons-pool2/2.2</bundle>
        <bundle start-level="80">wrap:mvn:redis.clients/jedis/2.6.2$Bundle-SymbolicName=jedis&amp;Bundle-Version=2.6.2</bundle>
    </feature>
    <feature name="tsmc-a4-feature" version="2.0.0.2014Q3_1104" description="tsmc-a4-feature">
        <bundle start-level="80">mvn:commons-lang/commons-lang/2.6</bundle>
        <bundle start-level="80">mvn:commons-codec/commons-codec/1.4</bundle>
        <bundle start-level="80">mvn:org.apache.servicemix.bundles/org.apache.servicemix.bundles.xmlbeans/2.6.0_2</bundle>
    </feature>
    <feature name="tsmc-a4-feature-new" version="20151007.0.0" description="tsmc-a4-feature">
        <bundle start-level="80">mvn:commons-lang/commons-lang/2.6</bundle>
        <bundle start-level="80">mvn:commons-codec/commons-codec/1.4</bundle>
        <bundle start-level="80">mvn:org.apache.servicemix.bundles/org.apache.servicemix.bundles.xmlbeans/2.6.0_2</bundle>
        <bundle start-level="80">mvn:org.apache.commons/commons-lang3/3.1</bundle>
        <bundle start-level="80">mvn:net.sf.ehcache/ehcache/2.10.0</bundle>
        <bundle start-level="80">mvn:com.tsmc.a4/A4ClientLib/20151007.0.0-SNAPSHOT</bundle>
        <bundle start-level="80">mvn:com.tsmc.a4/XMLBean/20151007.0.0-SNAPSHOT</bundle>
    </feature>
    <feature name="tsmc-encrypt-feature" version="1.0.0.3" description="tsmc-encrypt-feature">
        <bundle start-level="80">mvn:commons-codec/commons-codec/1.4</bundle>
        <bundle start-level="80">wrap:mvn:com.tsmc.siview.encrypt/CommonEncryption/1.0.0.3$Bundle-SymbolicName=CommonEncryption&amp;Bundle-Version=1.0.0.3</bundle>
    </feature>
    <feature name="tsmc-eclipselink-feature" version="2.4.2" description="tsmc-eclipselink-feature">
        <feature>transaction</feature>
        <feature version="3.0.1_tsmc">jndi</feature>
        <feature version="1.0.1">jpa</feature>
        <bundle start-level="80">mvn:org.apache.commons/commons-lang3/3.1</bundle>
        <bundle start-level="80">mvn:com.google.guava/guava/18.0</bundle>
        <bundle start-level="80">mvn:org.eclipse.persistence/org.eclipse.persistence.asm/2.4.2</bundle>
        <bundle start-level="80">mvn:org.eclipse.persistence/org.eclipse.persistence.antlr/2.4.2</bundle>
        <bundle start-level="80">mvn:org.eclipse.persistence/org.eclipse.persistence.jpa.jpql/2.4.2</bundle>
        <bundle start-level="80">mvn:org.eclipse.persistence/org.eclipse.persistence.core/2.4.2</bundle>
        <bundle start-level="80">mvn:org.eclipse.persistence/org.eclipse.persistence.jpa/2.4.2</bundle>
        <bundle start-level="80">mvn:com.tsmc.plugin.eclipselink/jpa-eclipselink-24-adapter/0.1.1</bundle>
    </feature>
    <feature name="tsmc-eclipselink-feature" version="2.6.0" description="tsmc-eclipselink-feature">
        <feature>jndi</feature>
        <feature>transaction</feature>
        <feature version="[1,2)">jpa</feature>
        <bundle start-level="30">mvn:org.apache.commons/commons-lang3/3.1</bundle>
        <bundle start-level="30">mvn:com.google.guava/guava/18.0</bundle>
        <bundle start-level="30">mvn:org.eclipse.persistence/org.eclipse.persistence.asm/2.6.0</bundle>
        <bundle start-level="30">mvn:org.eclipse.persistence/org.eclipse.persistence.antlr/2.6.0</bundle>
        <bundle start-level="30">mvn:org.eclipse.persistence/org.eclipse.persistence.jpa.jpql/2.6.0</bundle>
        <bundle start-level="30">mvn:org.eclipse.persistence/org.eclipse.persistence.core/2.6.0</bundle>
        <bundle start-level="30">mvn:org.eclipse.persistence/org.eclipse.persistence.jpa/2.6.0</bundle>
        <bundle start-level="80">mvn:com.tsmc.plugin.eclipselink/jpa-eclipselink-26-adapter/0.1.2</bundle>
    </feature>
    <feature name="tsmc-spring-feature" version="0.5.0" description="tsmc-spring-feature">
        <feature version="[1.2,2)">spring-dm</feature>
        <bundle start-level="80">mvn:com.tsmc.plugin/tsmc-spring-aop-osgi-bundle/0.5.0</bundle>
    </feature>
    <feature name="tsmc-jackson-feature" version="1.9.2" description="tsmc-jackson-feature">
        <feature>cxf-dosgi-discovery-distributed</feature>
        <bundle start-level="80">mvn:org.codehaus.jackson/jackson-core-asl/1.9.2</bundle>
        <bundle start-level="80">mvn:org.codehaus.jackson/jackson-mapper-asl/1.9.2</bundle>
        <bundle start-level="80">mvn:org.codehaus.jackson/jackson-xc/1.9.2</bundle>
        <bundle start-level="80">mvn:org.codehaus.jackson/jackson-jaxrs/1.9.2</bundle>
    </feature>
    <feature name="tsmc-ibmmq-feature" version="8.0.0.2" description="tsmc-ibmmq-feature">
        <bundle start-level="80">mvn:com.ibm.mq.osgi/allclientprereqs/8.0.0.2</bundle>
        <bundle start-level="80">mvn:com.ibm.mq.osgi/allclient/8.0.0.2</bundle>
        <bundle start-level="80">mvn:com.tsmc.plugin.mdb/tsmc-mdb-adapter/0.5.0</bundle>
    </feature>
    <feature name="struts" version="1.2.9" description="Struts 1.2.9">
        <feature version="[1.6,1.7)">Commons-Configuration</feature>
        <bundle start-level="80">wrap:mvn:commons-fileupload/commons-fileupload/1.2$Bundle-SymbolicName=commons-fileupload&amp;Bundle-Version=1.2</bundle>
        <bundle start-level="80">mvn:org.apache.servicemix.bundles/org.apache.servicemix.bundles.oro/2.0.8_6</bundle>
        <bundle start-level="80">mvn:org.apache.servicemix.bundles/org.apache.servicemix.bundles.commons-validator/1.3.1_2</bundle>
        <bundle start-level="80">mvn:org.apache.servicemix.bundles/org.apache.servicemix.bundles.xalan/2.7.1_7</bundle>
        <bundle start-level="80">mvn:org.apache.servicemix.bundles/org.apache.servicemix.bundles.antlr/2.7.7_5</bundle>
        <bundle start-level="80">wrap:mvn:struts/struts/1.2.9$Bundle-SymbolicName=struts&amp;Bundle-Version=1.2.9</bundle>
    </feature>
    <feature name="esapi" version="2.1.0" description="Esapi 2.1.0">
        <feature version="[1.6,1.7)">Commons-Configuration</feature>
        <bundle start-level="80">wrap:mvn:org.beanshell/bsh-core/2.0b4$Bundle-SymbolicName=bsh-core_2.0b4</bundle>
        <bundle start-level="80">wrap:mvn:commons-fileupload/commons-fileupload/1.2$Bundle-SymbolicName=commons-fileupload&amp;Bundle-Version=1.2</bundle>
        <bundle start-level="80">wrap:mvn:net.sourceforge.nekohtml/nekohtml/1.9.12$Bundle-SymbolicName=nekohtml&amp;Bundle-Version=1.9.12</bundle>
        <bundle start-level="80">mvn:xom/xom/1.2.5</bundle>
        <bundle start-level="80">mvn:org.apache.servicemix.bundles/org.apache.servicemix.bundles.batik/1.7_3</bundle>
        <bundle start-level="80">mvn:org.apache.servicemix.bundles/org.apache.servicemix.bundles.commons-httpclient/3.1_7</bundle>
        <bundle start-level="80">mvn:org.apache.servicemix.bundles/org.apache.servicemix.bundles.xalan/2.7.1_7</bundle>
        <bundle start-level="80">mvn:org.apache.servicemix.bundles/org.apache.servicemix.bundles.antisamy/1.4.5_1</bundle>
        <bundle start-level="80">mvn:org.apache.servicemix.bundles/org.apache.servicemix.bundles.esapi/2.1.0_1</bundle>
    </feature>
    <feature name="Commons-Configuration" version="1.6" description="Commons Configuration 1.6">
        <bundle start-level="80">mvn:commons-codec/commons-codec/1.4</bundle>
        <bundle start-level="80">mvn:org.apache.servicemix.bundles/org.apache.servicemix.bundles.commons-beanutils/1.8.3_2</bundle>
        <bundle start-level="80">mvn:commons-collections/commons-collections/3.2.1</bundle>
        <bundle start-level="80">mvn:org.apache.servicemix.bundles/org.apache.servicemix.bundles.commons-digester/1.8_4</bundle>
        <bundle start-level="80">mvn:commons-jxpath/commons-jxpath/1.3</bundle>
        <bundle start-level="80">mvn:org.apache.servicemix.bundles/org.apache.servicemix.bundles.jdom/1.1_4</bundle>
        <bundle start-level="80">mvn:commons-lang/commons-lang/2.6</bundle>
        <bundle start-level="80">mvn:org.apache.servicemix.bundles/org.apache.servicemix.bundles.ant/1.7.0_6</bundle>
        <bundle start-level="80">mvn:commons-configuration/commons-configuration/1.6</bundle>
    </feature>
</features>
